,Text ID,Sentiment Score,Title,GPE
0,3608,0.3612,Kerry to go to Paris in gesture of sympathy,Paris
1,875,-0.3612,The Battle of New York: Why This Primary Matters,Britain
2,95,0.0,‘Britain’s Schindler’ Dies at 106,Iran
3,4869,0.0,Fact check: Trump and Clinton at the 'commander-in-chief' forum,Iowa
4,2909,0.0,Iran reportedly makes new push for uranium concessions in nuclear talks,Iran
5,1357,-0.34,"With all three Clintons in Iowa, a glimpse at the fire that has eluded Hillary Clinton’s campaign",America
6,988,-0.7717,Donald Trump’s Shockingly Weak Delegate Game Somehow Got Even Worse,W. Va.
7,1571,0.0,"Trump takes on Cruz, but lightly",Afghanistan
8,4739,0.0,How women lead differently,Orlando
9,3304,-0.2755,What's in that Iran bill that Obama doesn't like?,South Carolina
10,3078,0.0,The 1 chart that explains everything you need to know about partisanship in America,Selma
11,2517,-0.5574,The slippery slope to Trump’s proposed ban on Muslims,America
12,778,0.0,Hillary Clinton Makes A Bipartisan Appeal on Staten Island,Iraq
13,3300,-0.4939,New Senate majority leader’s main goal for GOP: Don’t be scary,Belgium
14,636,0.0,Anti-Trump forces seek last-ditch delegate revolt,San Francisco
15,755,0.0,Sanders Trounces Clinton in W. Va. -- But Will It Make a Difference?,US
16,626,0.4973,Donald Trump Is Changing His Campaign Slogan to Prove He’s Not Racist,Rubio
17,691,-0.6808,Pure chaos: Donald Trump’s campaign management offers a glimpse into his governing style (spoiler alert: it’s terrible),Kasich
18,1787,-0.4215,GOP insiders: Carly crushed it,Syria
19,1967,0.4588,Both parties want to craft populist messages for 2016,US
20,431,0.0,First Take: Wall Street bids goodbye to June hike,Iran
21,5224,-0.4215,"With 3:20 a.m. tweet storm Saturday, Clinton continues to mock Trump’s Friday ‘meltdown’",US
22,2777,-0.128,Obama makes the right call to tough it out in Afghanistan,Iran
23,587,-0.4767,Senate race rankings: Dems attack as GOP lays swing-state groundwork,Charleston
24,3027,0.1027,American politics has reached peak polarization,Connecticut
25,4377,0.5106,Anti-Muhammad cartoon contest: Free speech or deliberately provocative? (+video),Iran
26,3627,-0.4767,World's newspapers react to 'Hebdo' attack,Ohio
27,909,0.0,"Closed primaries, 'warped' democracy?",Iraq
28,1522,-0.6361,Donald Trump: Hillary Clinton has 'caused tremendous death',Anbar
29,1834,-0.0258,Biden makes another surprise political stop,Iran
30,1775,0.0,"Hillary Clinton's declining favorability numbers, in context",US
31,3363,-0.5267,Hillary Clinton: The criminal investigation keeps moving forward,Israel
32,1084,0.0,Rubio’s parting shot at Trump,US
33,4410,0.0,Loretta Lynch becomes first African-American woman AG.,America
34,2669,0.0772,Why it's funny Republicans are upset with Facebook: Column,Russia
35,3648,-0.1546,FBI checking if Orlando shooter's wife knew attack plan but didn't warn police,US
36,596,0.0,Handicapping the Hispanic vote for 2016 GOPers,America
37,1569,0.0,GOP establishment nightmare? Ted Cruz vs. Donald Trump,LGBT
38,1178,-0.7964,Bernie Sanders lost poor voters in South Carolina by a big margin — a problem for his political revolution,New Responses
39,1506,0.3182,Jeb Bush Picks Up Endorsement From Lindsey Graham,Mexico
40,1641,0.0,"2016 Republican race enters a new, volatile phase",Iran
41,139,0.0,"‘Hands up, don’t shoot’ was built on a lie",Chicago
42,4134,-0.5106,Bernie Sanders' call for ouster of two convention co-chairs rejected,France
43,917,0.1779,Five Reasons the New York Democratic Primary Felt Competitive,South Africa
44,3854,0.0,"To get around Congress, Obama turns to city halls",Iraq
45,3343,0.3182,John Kerry: ISIS responsible for genocide,Iowa
46,4348,0.0,Mitt Romney's Re-Invention As Anti-Poverty Warrior,New Hampshire
47,3424,0.5574,King: Fill the Supreme Court vacancy,Iran
48,1718,0.0,"Ted Cruz is toast: It’s not just that he won’t be president — his days in the Senate are numbered, too",America
49,143,0.6369,Obama’s speech in Selma was an answer to those who question his love for America,Haiti
50,930,0.0,Where Does Bernie Sanders Go From Here?,U.S.
51,1661,0.128,Exclusive: GOP campaigns plot revolt against RNC,Vermont
52,1360,-0.4585,"Why Hillary Clinton, not Bernie Sanders, 'won' town hall",Ferguson
53,3635,-0.8271,French police hunt two brothers accused of Charlie Hebdo terror attack,Paris
54,3255,0.34,Give Social Security recipients a CEO-style raise,Charleston
55,3177,0.0,"Fireworks erupt between Trump and Bush, Rubio and Cruz at GOP debate",Florida
56,2832,0.0772,"Obama, sounding like his critics, admits no 'complete strategy' for Iraq",Drudge
57,4294,0.0,How Ted Cruz Became Ted Cruz,Koch
58,1524,-0.6124,Accord reached after Sanders sues the DNC over suspended access to critical voter list,Syria
59,2974,0.0,Why the latest Patriot Act reform won’t be enough to rein in the NSA,New Hampshire
60,3364,0.1027,"FBI expands probe of Clinton emails, launches independent classification review",Iowa
61,4933,0.0,Where is Gary Johnson?,Cleveland
62,4880,0.0,What happens if Clinton drops out?,West Virginia
63,3512,-0.6705,Brothers ID'd as suicide bombers in Belgium,Nebraska
64,2546,0.2584,Don't blame all immigrants for San Francisco shooting,US
65,2596,-0.1695,Netanyahu: I Won't Allow Israel to Be 'Submerged' by Refugees,Paris
66,1475,0.0,3 Questions Ahead Of Tonight's Democratic Debate,Syria
67,2232,-0.7717,Obama's terror strategy is failing: US must heed lessons of 9/11,Illinois
68,127,0.0,Selma 50 years on: John Lewis's recalls the march,Iran
69,4979,-0.3818,Third-party presidential candidates fight for 15% in polls – and a spot in debates,Kentucky
70,1700,0.0,"Bush, Rubio and Kasich eye one another in the shadow of Trump",Florida
71,4500,-0.8074,Conspiracy theories swirl around the death of Antonin Scalia,Paris
72,2199,0.0,McCain: Trump doesn't understand Syria,Rubio
73,4943,0.5859,Trump manager says 'undercover voters' will deliver win in US election,Putin
74,2115,0.0,The next president can have a big impact on climate policy — even without Congress,US
75,4597,0.5267,Justice Department Staffers Monitor Polls on Election Day,America
76,677,0.0,Poll: 71 percent of Dems think Clinton should keep running even if indicted,Iraq
77,3004,0.0,Is the Iran deal unraveling? Think again. | Institution,Iran
78,172,0.0,Shutdown clash to return in force by December,Israel
79,5202,-0.2732,Blizzard of charges and countercharges melts away as opinions of Trump and Clinton are frozen,Raid
80,2802,0.4019,Obama Inches Closer to Veto-Proof Support for Iran Nuclear Deal,Afghanistan
81,1329,-0.296,How Clinton plans to stop Sanders' momentum,DC
82,4114,0.5267,Martin O’Malley Praises Senate Democrats for Holding Up Trade Deal,Hungary
83,4354,0.0,‘Super PAC’ Gets Early Start on Pushing for a 2016 Clinton Campaign,US
84,3138,0.6096,Christianity under attack: US must do more to promote religious freedom,Flint
85,421,0.0,"Buffett: If I Ran Fed, I Would Not Raise Rates Significantly",Kasich
86,2850,0.2023,Iran agrees to nuclear restrictions in framework deal with world powers,United States
87,51,0.0,"Bernie Sanders’s vast universe of donors, mapped",Texas
88,186,-0.2263,So That Happened: Did Obama Forget That The GOP Runs Congress?,Yemen
89,3700,0.296,Sunday in Charleston: Worship at Emanuel AME,Chicago
90,5040,0.0,"FACT CHECK: Hillary Clinton's Speech To The Democratic Convention, Annotated",Iran
91,2305,-0.3182,Connecticut Becomes First State To Boycott Indiana Over LGBT Discrimination Law,U.S.
92,2228,-0.4767,Scott Walker Confronts Doubts About His Grasp of Foreign Policy,California
93,3008,0.0,Iran carries out new ballistic missile test,Cuba
94,3872,0.2846,Why Joe Biden can't get no respect,Afghanistan
95,1884,0.0,"Come on, Paul Ryan must be running in 2016, right? Right?",U.S.
96,4239,0.5267,Why Bernie Sanders needs to start winning big states — big,Israel
97,3282,-0.3182,Leaked: What’s in Obama’s trade deal,Us
98,4532,-0.7061,Someone Isn't Telling The Truth About Freddie Gray's Death,New York
99,4130,-0.6776,Prison employee pleaded not guilty to aiding escape of two murderers,US
100,599,-0.4714,Election Day: No Legal Pot In Ohio; Democrats Lose In The South,Yemen
101,4577,-0.7906,President Trump: A colossal failure for democracy and our terrifying new reality,Washington
102,1934,-0.3818,Chris Christie losing home-state donors as Jeb Bush makes inroads,Baltimore
103,5075,0.128,Can Sanders rally supporters around Clinton after DNC email leak?,Oklahoma
104,2076,0.0,'Historic' climate deal in sight as nations parse final text,D.C.
105,4714,-0.5859,"Trump slams 'corrupt' media, as more women make sexual assault claims",Israel
106,4911,0.0,The 5 unspoken rules for covering Hillary Clinton,Paris
107,2834,0.0,Iraq launches operation against ISIS in Anbar province,Iran
108,2281,0.0,Justices Kennedy and Scalia and their divide on gay rights,Israel
109,1938,0.7783,Jeb Bush's Foreign Policy Plan: More Military Spending Will 'Encourage Peace',Brussels
110,1255,0.0,"John Kasich: He’s Conservative, but at Least He’s Sane",Baltimore
111,4618,0.0,2006 Audio Emerges of Hillary Clinton Proposing Rigging Palestine Election,Greece
112,3602,-0.5423,Authorities search for clues after raid thwarts potential 'Belgian Charlie Hebdo' attack,Iran
113,384,0.0,Debate Goals for the Democratic Candidates,U.S.
114,4492,-0.1531,'Spinning up as we speak': Email shows Pentagon was ready to roll as Benghazi attack occurred,Ethiopia
115,2432,-0.2263,A Case Study On Why The Obamacare Lawsuit Is Based On Mythical History,Kentucky
116,2916,-0.128,Iran letter blowback startles GOP,Jamaica
117,4713,-0.5994,Donald Trump's GOP civil war,Cuba
118,4217,0.0,Laura Bush hints she'd rather see Hillary as president,Nevada
119,1770,0.5994,"Scott Walker, Rick Perry show limits of super PACs",US
120,3427,0.5574,Is It Time To Reconsider Lifetime Appointments To The Supreme Court?,Iran
121,658,0.5859,"Clinton has delegates to win Dem nomination, AP reports; Sanders questions tally",San Bernardino
122,4865,0.0,"Trump says Obama born in US, ‘period’ – after new ‘birther’ dust-up",Iran
123,4031,-0.296,"MH370: If debris is part of missing plane, what's next?",Israel
124,2586,0.4019,Israel stole classified US information and used it to help congressional Republicans,Vlad
125,4045,0.2023,"""America has a simple ideology"": how one of Russia's top US experts explains America",Cuba
126,4632,0.4215,Poll shows Trump made up 13 points in under 2 weeks — now he likes polls again,Iraq
127,71,-0.5719,"Chaos on House floor as Dems, Republicans clash over LGBT proposal",Paris
128,1108,-0.7096,"Clinton, Sanders accuse Trump of inciting violence",US
129,4701,0.0258,"In New Responses, Hillary Clinton Insists Email Setup A Matter Of 'Convenience'",Baltimore
130,4929,0.0,Trump mulls alternative options for making Mexico finance 'the wall',Iowa
131,667,0.0,"Donald Trump said ‘university’ was all about education. Actually, its goal was: ‘Sell, sell, sell!’",U.S.
132,3382,-0.3818,Kerry Adviser Marie Harf in Twitter Fight Over Iran Nukes,Iowa
133,5199,0.0,The Daily 202: Many African Americans unenthusiastically ‘settle’ for Hillary Clinton,Kenya
134,1809,0.0,"100,000 people have come to recent Bernie Sanders rallies. How does he do it?",Indiana
135,2812,0.0,"'You've been fleeced': Congress grills Kerry, Obama officials on Iran nuke deal",Palin
136,4666,-0.4019,"What 20,000 pages of hacked WikiLeaks emails teach us about Hillary Clinton",Indiana
137,4808,0.0,What do Americans really think of election coverage?,Russia
138,4411,-0.5106,Lynch schools the wingnuts: How the right tried — and failed — to wound Obama’s AG nominee,Syria
139,1754,0.7579,"Yes, Ted Cruz could win",Turkey
140,854,0.0,Trump advisors try to pivot not fishtail,New Hampshire
141,3137,-0.2732,"Christians drop, 'nones' soar in new religion portrait",Kenya
142,2010,0.0,Inside the Deliberations of a Hillary Clinton Campaign Launch,Iraq
143,1109,-0.8126,Clinton condemns Trump over Chicago violence,Hiroshima
144,3592,0.5574,"In France, a growing debate over why some speech is protected and some isn’t",U.S.
145,3147,0.5267,Gay rights and religious liberty: Can Americans have both?,Iran
146,4318,0.4215,"As Rand Paul stalls, Ted Cruz seeks to pick up support among libertarians",New York
147,1905,0.5859,“A dream come true for Hillary Clinton”: Wall Street Journal editorial board rips Ted Cruz,Iran
148,4051,0.4588,Obama Presses Putin to Strike Ukraine Peace Deal,Selma
149,3852,-0.6908,"Trumka: Disappointment with Obama, a warning for Hillary",Eleven States
150,205,0.0,Wingnuts have a death-grip on Congress: Why Paul Ryan can’t control the House GOP,US
151,3326,-0.7845,State Department warns of possible terror attack in South Africa,US
152,2968,-0.3182,Who Lost Iraq?,Canada
153,3107,0.3818,Pope Francis implores Congress to accept immigrants as their own,Iran
154,1284,0.3818,"Poll: Trump gains in Iowa, still dominates in New Hampshire",Iran
155,2989,-0.25,Rand Paul Goes on Senate Floor to Protest NSA Spying Measure,Ohio
156,3866,-0.5106,Obama Details His Disappointment With Netanyahu In First Post-Election Comments,Cuba
157,4796,0.0,Reality Check: First Clinton v Trump presidential debate,America
158,961,-0.4939,John Kasich’s Advice for Women to Prevent Sexual Assault: Avoid Parties “Where There’s a Lot of Alcohol”,Iran
159,273,-0.5106,The system set Boehner up for failure,U.S.
160,3398,0.5574,Gay marriage victory at Supreme Court triggering backlash,Iraq
161,263,0.0,McCarthy drops out of speaker race as House asks: Who wants this job? (+video),Hungary
162,1242,0.0,"Democrats, Republicans in tight races as Iowans prepare to caucus",Iran
163,2840,0.5586,Iran: Why the best outcome now is to keep negotiating without reaching a deal,South Carolina
164,1570,0.0,Rand Paul is flatlining,Nevada
165,2463,0.0,Nurse Chris Christie Quarantined For Ebola Goes After Governor On Vaccines,U.S.
166,4469,0.4019,Can Paul Ryan and Donald Trump coexist within the Republican Party?,America
167,2507,0.0,"Cruz copying me on border wall, Trump says",Kasich
168,1610,-0.3182,Jeb Bush loses TV ad edge to Marco Rubio,N.H.
169,4107,-0.6808,"Our real police/race problem: Diverse forces, white resentment, and America’s persistent divides",Russia
170,3474,0.6271,The Supreme Court cannot hide on Obamacare,Iowa
171,1181,0.2023,"Poll: Hillary Clinton, Bernie Sanders both top Trump",Chicago
172,624,0.0,Donald Trump revokes Washington Post press access (+video),US
173,2042,-0.296,How Jeb Bush can avoid being the Jon Huntsman of 2016,U.S.
174,1680,0.2023,Poll finds Ben Carson knocks Donald Trump from top spot nationally,Alabama
175,2874,0.836,“I’m glad that he won”: The surprising Palestinian reaction to Netanyahu’s win,Charleston
176,5244,-0.296,Ernst to Trump: Stop with the name-calling,Syria
177,3888,-0.5106,White House: GOP Has Failed to Put ‘Points on the Board’,California
178,763,-0.6597,The Daily 202: The presidency is Hillary Clinton’s to lose. Here are 12 ways she could lose it.,US
179,739,0.0772,"Do Democrats Want What Bernie Wants, Or Just What Bernie Has?",Iowa
180,1338,-0.296,Critics Pounce on Madeleine Albright’s Exhortation to Women to Back Clinton,New Hampshire
181,5258,0.1531,Clinton doubles down on disputed claim FBI found her email remarks 'truthful',Cuba
182,4053,0.128,How the Clintons’ Haiti development plans succeed — and disappoint,Wisconsin
183,2678,-0.4588,Of Course Facebook Is Biased. Its Real Problem Is That It Won’t Admit It.,California
184,3495,-0.3612,Tax Calculator: The federal debt,Kentucky
185,4930,0.0,Trump and advisers remain split on how far to move toward the middle,Kasich
186,4904,0.875,Clinton in the final stretch: winning over anti-Trump contingent may be best play,Rubio
187,3146,0.0,Vatican Ends Scrutiny Of U.S. Nuns,Cuba
188,4489,-0.4404,How Clinton’s email scandal took root,Boston
189,4454,0.0,The Disappearing Middle: Electorate Way Less Moderate Than Past Primaries,Saudi Arabia's
190,4708,-0.1531,"Hannity: WikiLeaks Has Proven That ""Everything The Conspiracy Theorists Said"" Was True",US
191,1461,0.0,AP FACT CHECK: The Republican debaters and the facts,Philadelphia
192,440,-0.2732,Why the drop in income inequality?,San Bernardino
193,3851,0.0,Senate Makes History By Confirming Loretta Lynch As U.S. Attorney General,Moscow
194,334,-0.5994,Manhunt for escaped killers expands to Vermont,Wisconsin
195,3767,-0.2023,Protester charged with shooting officers in Ferguson,South Carolina
196,5215,0.0,It’s not the ‘locker-room’ talk. It’s the ‘lock her up’ talk.,America
197,5207,0.0772,"GOP braces for Trump loss, roiled by refusal to accept election results",US
198,5035,0.0,Obama: Trump is ‘unfit to serve as president’,North Korea
199,3103,0.4019,Pope Francis met Kim Davis: why it matters in fight over religious freedom (+video),Michigan
200,1376,-0.7269,Paris Tragedy Could Shake Up 2016 Race,Mississippi
201,1510,0.0,2016's first GOP debate: Six things to look for in Charleston,Rubio
202,356,0.0,Black Hawk crashes off Florida; human remains found,Iowa
203,2683,0.0,"Drudge, Koch, Soros, Bezos: These 4 non-politicians will determine the next president",Clinton
204,4020,0.2263,Obama and Putin outline competing visions on Syria,Rubio
205,3226,-0.3818,Is the GOP losing Walmart?,Iran
206,3375,0.2023,"'Top secret' emails on Clinton server discussed drone program, may reference classified info",Iran
207,3106,0.0,Miracles Man: Metaxas Vs. Closed Minds And A Closed Universe,Mali
208,2339,-0.2023,Obama on gun control: His emotional evolution,America
209,2422,0.0572,The Clock Is Ticking And Republicans Still Have No Serious Obamacare Alternative,Detroit
210,1597,0.0,Trump treads on tradition in New Hampshire,Arizona
211,4261,0.2023,GOP presidential candidates hammer on 'top secret' Clinton emails in final days before Iowa Caucus,America
212,2640,0.5423,"Cleveland, Justice Department Reach Policing Deal",Camden
213,4477,0.6486,"A GOP Weekend, Courtesy Of The Koch Network And Citizens United",Baltimore
214,5184,0.0,"Juan Williams: My bets on Trump, Clinton vice presidential picks",Russia
215,4648,-0.4019,How Trump And Clinton Are Framing Their Closing Arguments,Florida
216,3144,0.34,Scott Walker and questioning Obama’s faith,Philadelphia
217,1784,0.6369,What Is Hillary’s Greatest Accomplishment?,America
218,800,0.7351,"Sanders, Trump easily win West Virginia primary; Trump picks up Nebraska too",London
219,1518,0.0,"Clinton, Sanders to Face Off in 1st Democrat Debate",Iran
220,3938,0.0,"Human remains suggest explosion brought down EgyptAir plane, forensics official says",Russia
221,3638,-0.836,US officials scanning terror databases in search for Paris attack suspects,Syria
222,1829,0.3774,Clinton Picks Up The First Major Labor Endorsement Of 2016,U.S.
223,2845,-0.5994,Obama: Syria war unlikely to end during his presidency,Wisconsin
224,317,-0.2263,'Blue and Brave': Illinois town rallies around police as search for officer's killer goes on,Israel
225,3302,0.4168,Senate Advances Bill To Approve Keystone Pipeline Despite Obama's Veto Threat,Oregon
226,162,0.0,Momentum to bar Syrian refugees slows,St. Louis
227,151,0.128,New evidence that the legal immigration system discriminates against Latin Americans,U.S.
228,2714,-0.6369,Media turn blind eye to Hillary Clinton’s glaring mistakes,Afghanistan
229,3327,0.1779,State Department admits to deliberately cutting briefing footage on Iran deal,Syria
230,4147,-0.4588,"U.S. Economy Added 271,000 Jobs In October, Beating Expectations",US
231,751,0.7184,"Hillary Clinton narrowly wins Kentucky, a state Bernie Sanders needed by huge margins",U.S.
232,3993,0.4847,"No, it's not 'World War 3'",Paris
233,3664,-0.836,49 killed in shooting at Florida nightclub in possible act of Islamic terror,N.H.
234,4455,0.3566,"Extreme rhetoric helping Cruz, Trump, Duke leaders say",U.S.
235,235,-0.3612,The Benghazi bust: Trey Gowdy and his GOP colleagues embarrassed themselves,Saudi Arabia
236,4359,0.0,"Obama seeks global climate pact in Paris, amid resistance at home",Kasich
237,2462,-0.5423,"2 deaths possibly linked to 'superbug' at UCLA hospital after 7 infected, 179 exposed",Syria
238,4289,0.0,Clinton media campaign follows BuzzFeed model,Wisconsin
239,743,-0.3535,"Exclusive: More than 100 lawsuits, disputes over taxes tied to Trump and his companies",Syria
240,5061,0.0,Historic firsts fill evening at Democratic National Convention,Iran
241,1146,-0.4404,"Cruz camp responds to Rubio Photoshop flap, brushes off criticism",Iraq
242,1027,0.4019,Ben Carson Throws Support Behind Donald Trump,U.S.
243,5237,0.0,"Clinton and Trump: How they view ISIS, Putin, and US generals",America
244,4122,0.0,"Paul Ryan’s big speaker hangup is reportedly his family. For a male lawmaker, that’s unusual.",Virginia
245,266,-0.2023,"McCarthy withdraws from speaker race, vote postponed",Egypt
246,2551,0.0,The immigration swamp,Israel
247,5060,0.7783,'America is already strong': Obama continues Democrats' optimism,US
248,5183,-0.4019,Why the DNC's mysteriously hacked oppo file on Trump is a big yawn,Soviet Union’s
249,2822,0.0,Hillary Clinton: ‘No role whatsoever for American soldiers on the ground’ in Iraq,Charleston
250,4305,0.5719,Donald Trump: The key to his success (Opinion),Ireland
251,1786,-0.5106,"For First Time, Trump Shrinks In Spotlight; Fiorina Steals Show",America
252,2057,-0.0772,Scott Walker's stealth 2016 strategy,San Diego
253,4601,0.0,Let’s Make 2016 the Last Endless American Election,Turkey
254,1996,0.0,Going Back to the Future in 2016?,Wyoming
255,4267,-0.1531,A bad night for front-runners and a good night for governors,Indiana
256,3077,0.0,How public funding of elections makes politics even more polarized,U.S.
257,2376,0.0,Gaming Obamacare,Cleveland
258,2570,-0.5574,Uncovered audio: Hillary was ‘adamantly against illegal immigrants’,Selma
259,4375,-0.6705,Obama says world should address ‘grievances’ that terrorists exploit,America
260,781,0.2732,"Press must share the blame: The shallow, ratings-obsessed media is as responsible for Trump as the GOP",Russia
261,2619,-0.5267,"Netanyahu: Iran A Threat to Israel, the World",Syria
262,693,0.0,A report said Trump's donations to vets might be shady. His response was predictable.,Colorado
263,4621,0.1531,How the confidence deficit is impacting the 2016 election,Iran
264,1118,0.0,Romney's timely Trump trolling,Texas
265,5223,0.5106,A sharpened debate: Is it ethical to not vote this year for president?,US
266,217,0.5499,"Ryan so far proves he can 'make the sausage,' but he'll likely be serving a much different House party in 2016",California
267,2634,0.1779,Attorney general nominee offers careful backing of Obama policies,America
268,3134,-0.3818,The end of white Christian America is nigh: Why the country’s youth are abandoning religious conservatism,Iran
269,1590,0.3612,Strong jobs number holds risks for Clinton,Russia
270,704,-0.1027,Sanders warns Clinton against moderate as VP,Rubio
271,3982,-0.8126,"Architect Of Paris Attacks Was Killed In Raid, French Authorities Say",Iowa
272,3140,-0.296,Why conservatives refuse to believe Obama is Christian,Charleston
273,1423,-0.4588,Why Donald Trump is beating Fox News -- and GOP rivals,Syria
274,3828,-0.5267,Obama seeks to calm fears over terrorism ahead of holiday season,Turkey
275,1722,0.0,Democratic debate: Fact-checking the candidates,US
276,1479,0.0,Carson takes lead from Trump in new national poll,Lahore
277,992,-0.4168,"Hillary isn't winning over many pundits, even on the left",Pakistan
278,1343,0.0,5 takeaways from the Republican debate,US
279,187,-0.3818,Lawmakers caught in battle between House ethics cops,US
280,5209,-0.6249,"New O'Keefe Video: Clinton Campaign, DNC Coordinated With Organizations To Incite Violence At Trump Events",California
281,4883,0.4019,"Yes, There Is a Clinton Double Standard",Iran
282,4750,0.2023,"Libertarian VP Candidate Gives Up, Will Focus on Preventing Trump Presidency",Iran
283,5020,0.0,'The only other option': Bernie Sanders backers turn to Green party's Jill Stein,US
284,1171,0.0,"Trump, Clinton Head Into SC with Fierce Competition on Their Heels",Germany
285,764,-0.4019,Why Trump is a shocking GOP choice,Ryan
286,1819,0.6369,Donald Trump: ‘We have to take back the heart of our country’,California
287,569,-0.7783,Jeb Bush fights lonely battle defending Common Core,U.S.
288,4770,-0.4939,Donald Trump can’t resist blaming Bill Clinton when his own sexism comes up,Iran
289,1920,-0.2023,Will Clinton’s experience be a liability?,Washington
290,4431,0.0,"Obama outlines plan to keep 5,500 troops in Afghanistan",VA
291,1675,0.0,Biden backers to naysayers: Not so fast,Iran
292,5057,0.2846,Clinton Enjoys Post-DNC Bounce - But Will it Last?,Bergdahl
293,188,0.0,House yanks first spending bill off the floor,Syria
294,5028,0.4019,Donald Trump Pushes Republican Party to Its Breaking Point,Iraq
295,3,0.0,"Trump, Clinton clash in dueling DC speeches",Ukraine
296,4561,-0.6924,'NO CAMP! NO CAMP!': Scuffles break out at Hungary train station after police stop migrant train,Kentucky
297,4145,0.0,How a $15 minimum wage went from ‘extreme’ to enacted,Milwaukee
298,479,-0.5994,Will Asia trade deal hurt US workers? Six tough questions answered.,Flint
299,2532,0.0,"City, County Leaders Ask Court To Lift Injunction On Obama Immigration Programs",Iraq
300,4246,-0.6249,Democrats Clinton and Sanders pounce on Flint water crisis — and each other,New York
301,708,-0.3412,"No, Sanders wouldn't be a better match for Trump",Iraq
302,4563,0.0,‘People in Europe are full of fear’ over refugee influx,Iran
303,944,-0.4019,The GOP would unite against Trump at its own peril,Calif.
304,821,0.0,Kasich bows out. Did he do 'the right thing?',Iran
305,5114,-0.6486,The Sad Truth About Melania Trump’s Plagiarism Snafu,the United States
306,4630,-0.2484,Will the Comey bombshell really shake up the 2016 race?,America
307,3887,0.5719,"Rating Obama, 50% say he's been a success",St. Louis
308,500,0.0,OPEC sees oil prices exploding to $200 a barrel,Kasich
309,2497,0.4215,"United States v. Texas, the biggest immigration case in a century, explained",US
310,2837,-0.5106,The Middle East’s sick state,America
311,3870,0.0,White House Monitoring Iran Aid Ship to Yemen,Egypt
312,868,0.0,Why Trump is still likely to fall 52 delegates short of nomination,Libya
313,1115,-0.5106,"Trump, Sanders trade blame over Chicago protests",America
314,449,-0.2732,Gas prices could drop toward $1 a gallon,Iran
315,2768,-0.4005,"The Saber Rattling Between Saudis, Iran Just Got More Ominous",New Hampshire
316,3855,0.4767,Poll: Obama popularity on the upswing,Israel
317,1318,-0.6124,Rachel Maddow made them fight: She’s the reason for the tense Hillary/Bernie fireworks,Kentucky
318,972,0.0,Past cases suggest Hillary won’t be indicted,Ohio
319,109,0.0,"U.S. Split Along Racial Lines on Backlash Against Police, Poll Finds",US
320,2691,0.0,The media unload on Donald Trump,Mexico
321,4397,0.6808,Popular Health Exchange In Jeopardy After Surprise Republican Win,Ukraine
322,2052,0.2924,Hillary’s No Slam Dunk in 2016,Rubio
323,605,0.0258,Senate GOP leaving tea party primary battles behind,Cruz
324,819,0.3182,Anti-Trump delegates now responsible for nominating him,Iowa
325,1883,0.5994,Pro-Obama super PAC shifts focus to possible Clinton 2016 bid,Arizona
326,3682,-0.6486,3 dead in Colorado Springs Planned Parenthood shooting,U.S.
327,5190,0.3818,Trump refuses to say whether he'll accept election results,Afghanistan
328,2139,-0.4019,Fiorina blames environmentalists for California drought,Iran
329,2646,-0.7845,Guilty Verdict Returned In 'American Sniper' Murder Trial,Iowa
330,1604,-0.25,"As Marco Rubio rises, GOP rivals are reluctant to take him on directly",Brussels
331,1424,-0.34,Trump Will Skip GOP Debate As Feud With Fox News Boils Over,France
332,4484,0.0,"Parts Of Patriot Act Expire, Even As Senate Moves On Bill Limiting Surveillance",Florida
333,1297,-0.1027,Kasich: Voters Are ‘Starting to Pay Attention’,Illinois
334,2732,-0.5768,President Obama really really really really hates Maureen Dowd,Ohio
335,4088,0.0,U.S. Congressional Delegation travels to Cuba this weekend,North Carolina
336,578,-0.6705,How Democrats killed Obama's college savings plan,Florida
337,1723,-0.296,Clinton Takes First Step To Dispel Doubts About Candidacy,US
338,3256,-0.6573,Why raising the Social Security retirement age really does hurt the poor the most,N.H.
339,2786,-0.7783,Afghanistan: 19 die in air attacks on hospital; U.S. investigating,Orlando
340,4514,0.5994,A new 9/11 memorial to Flight 93: ‘Our loved ones left a legacy for all of us’,New York Wins
341,1612,0.0,Fact checking the fourth round of GOP debates,South Carolina
342,1951,0.0,OnPolitics | 's politics blog,Iraq
343,5105,0.0,What I Learned From Speaking to an R.N.C. Attendee From Every State,Iran
344,2987,0.0,"Final votes on Patriot Act, trade deal bill set dramatic stage for Congress’ return",Egypt
345,1653,0.3612,Don’t write Donald Trump’s political obituary just yet: Why surging Ben Carson looks like a flavor of the month,Libya
346,462,0.3182,Raise the wage: Paul Krugman shatters the myth that we can’t afford to boost workers’ pay,Puerto Rico's
347,2102,0.0,Obama’s Arctic Trip Comes as Climate Change Builds as 2016 Issue,Syria
348,1530,0.0,Hillary Clinton should proactively set out ethics rules,US
349,2588,0.0,Israel hawks to Pope Francis: Stay out of politics,Orlando
350,4797,0.5859,Here’s What Clinton and Trump Must Do on the Debate Stage to Win the Night,U.S.
351,5134,0.0,Both Clinton and Trump would bring a war-time posture to the White House,Obama
352,1535,-0.7964,"The GOP debate fear cauldron: According to the Republican candidates, you’re going to die",Iran
353,5128,0.0,Clinton holds narrow lead over Trump on eve of conventions,Kochs
354,4126,0.0,Kevin McCarthy announces he's a candidate for House speaker (+video),Indiana
355,1222,-0.6369,Fall of the House of Bush: How last name and Donald Trump doomed Jeb,Mohammed Event
356,2005,0.0,Mitt Romney Fans Speculation Over Another White House Run,Paris
357,3081,-0.4015,"Us vs Them: When Politics is Treated Like a Football Game, No One Wins",Wisconsin
358,324,-0.6808,Manhunt shifts to lone cabin in upstate New York: Prisoner hideout?,France
359,17,-0.296,Stop the vendetta against Planned Parenthood,Belgium
360,1005,0.0,Ted Cruz victory shows GOP's impossible conundrum (+video),Italy
361,4050,-0.0772,"US pullout from Yemen eases pressure on Al Qaeda, lawmakers warn",New York
362,419,-0.4019,Obama trade bill in trouble,Ark.
363,3897,0.0,Secret Service testing ways to intercept rogue drones with late-night flights over Washington,New York
364,3761,0.0,Source: Baltimore mayor ordered police to stand down,Russia
365,4197,0.0,Jane Sanders to FBI: Get on with Clinton email probe,Syria
366,193,0.765,"Happy New Year, Wall Street: Congress Has Another Gift For You",New York City
367,1014,-0.891,Rivals Slam Trump over Violent Rallies: 'He Incites Violence',US
368,126,-0.6124,Oklahoma Fraternity Is Closed Over Video Of Racist Chant,Boston
369,1857,-0.5994,"Jeb Bush in 2016: The good, the bad and the ugly",Iran
370,1059,0.0,A whirlwind day in D.C. showcases Trump’s unorthodox views and shifting tone,Ohio
371,3456,0.8176,Supreme Court Readies Blockbuster Rulings,Washington
372,2211,-0.4588,Iran Nuclear Deal: Does Obama want Israel to commit suicide?,Alabama
373,5177,0.0,Bernie's swan song begins,Paris
374,5185,-0.3818,Would Trump presidency threaten rule of law?,Belgium
375,5082,0.0,Sanders delegates' convention agenda,France
376,2086,0.0,Paris climate summit: What to expect from historic talks,Germany
377,4844,-0.1901,"Trump doctor’s letter: He takes cholesterol drug, is overweight but is in ‘excellent’ health",Hiroshima
378,4494,0.2023,"Supreme Court: your right to a ""speedy trial"" ends when you're declared guilty",Baltimore
379,2222,0.0,Debating the Future of American Power Abroad,Puerto Rico
380,3566,0.3182,Islamic State accepts Boko Haram allegiance pledge,Florida
381,2624,-0.4588,Netanyahu warns Iran deal could 'threaten the survival' of Israel,America
382,1066,0.4939,"After Brussels, Trump's 'strength' resonates with GOP voters (+video)",Iowa
383,825,0.5719,"Done Deal? Clinton, Trump Shift to General Election after Big Wins",New Hampshire
384,2706,0.0,What Brian Williams’s Chopper Whopper Says About Modern News Media,Yemen
385,2574,0.0,"Republicans have little reason to act on immigration — both today, but also before the 2016 primaries",U.S.
386,4996,0.0,We don’t just need to see Trump’s taxes — we need a real medical report on him,Alaska
387,3764,-0.5106,Police morale can wait: How the Baltimore riots should reshape Attorney General Loretta Lynch’s agenda,Carly Fiorina
388,3168,0.4019,Major Corporate Sponsors Are Scaling Back Support for GOP Convention,America
389,3494,0.7424,Admit it: You love Tax Day! (Opinion),US
390,131,0.0,Obama On Baltimore: 'This Is Not New',Florida
391,3073,0.3612,Booze Brands Polarize Just Like Politicians,Indiana
392,4047,0.0,Why Greece and Iran seem willing to take on the world (+video),Istanbul
393,5083,0.3818,"Hillary Clinton Promises Steady Leadership, More Jobs in Historic Speech",US
394,4027,-0.6476,Obama: U.S. cannot solve the world's problems alone,Iran
395,4587,0.5106,How hackers eroded Americans' trust in democratic process,S.C.
396,497,0.0,"Here come the jobs, finally",Ferguson PD
397,1532,0.0,What Walker's Departure Means for GOP Field,Cleveland
398,4696,-0.4767,Dem Operative Who Oversaw Trump Rally Agitators Visited White House 342 Times,New Hampshire
399,3821,-0.2732,Obama’s trip to Ethiopia alarms some human rights activists,Venezuela
400,2519,-0.5574,Illegal Immigrants Could Elect Hillary,Iowa
401,806,-0.2263,Cruz campaign: We could have stopped Trump if Rubio became running mate,Istanbul
402,5236,-0.6249,Kentucky governor: Electing Hillary Clinton may eventually lead to violence,Iowa
403,1994,-0.3818,Inside Jeb's 'shock and awe' launch,Kasich
404,4070,0.7096,Relief efforts to find survivors intensify amid powerful aftershocks,Hawaii
405,612,0.0,The early 2016 primary calendar is now set. It will change.,Mississippi
406,5089,-0.4847,Trump: I wouldn't accept Cruz's endorsement,Michigan
407,1162,-0.5859,"Mitt Romney Calls Donald Trump 'A Phony, A Fraud'; Trump Hits Back",Iran
408,4052,-0.6808,"In Jamaica, Obama indicates that he will remove Cuba from terrorism list",Cleveland
409,2004,0.0,Cruz's immigration gambit,Charleston
410,911,0.4939,Trump slams GOP nominating process as top aide accuses Cruz of 'gestapo tactics' to win delegates,South Carolina Black
411,5146,-0.1779,Obama hits the trail for Hillary Clinton: Will he help or hurt?,Nevada
412,10,-0.5994,Scalia’s death comes just a month before the court’s biggest abortion case in years,Ethiopia
413,2893,-0.8402,New Saudi king ascends to the throne as terrorism threat grows,South Carolina
414,4434,-0.128,"With Another Deadline Looming, Whispers Of Iran Nuclear Deal Emerge",Ukraine
415,814,0.0,Donald Trump's Clintonesque foreign policy,Cuba
416,2036,0.0,Backers: Romney more open to 2016,Washington
417,90,0.0,Why Rachel Dolezal's assertion that she is black could pave way for folks choosing a 'racial identity',Las Vegas
418,3559,0.0,Tsarnaev Mom: Americans Are ‘Terrorists’,Washington
419,1241,0.0,Clinton braces for Nevada nail-biter,U.S.
420,4806,0.2023,Here are the top five things to watch in tonight's debate,Iran
421,4398,0.0,"Head Of Medicare, Who Oversaw Obamacare Rollout, Will Step Down",US
422,756,-0.4404,"Donald Trump, president of the Confederacy: The Southern strategy created the GOP civil war",Iran
423,3386,0.0,Kerry orders State Department review of records retention amid Clinton email controversy,Russia
424,4178,0.0,A sharp exchange over election-year polling offers thoughts for the rest of us,US
425,1845,-0.7479,Romney’s reboot: Can the 2012 loser really fix his problems in 2016?,Syria
426,3032,0.0,Is it possible to fix the polarization of American politics?,Brussels
427,2905,0.0,US faces calls to ‘walk away’ from Iran talks,Indiana
428,2593,-0.0516,Netanyahu warns supporters he may lose in Tuesday’s election,Iowa
429,3837,-0.5719,Harry Reid Calls Trade Push By Obama And GOP 'Insanity',Utah
430,3666,-0.5719,San Bernardino massacre: A horror that affects us all,New Hampshire
431,2219,0.2023,Netanyahu's Iran Speech: Why it's important for Congress to at least listen to Israel's leader,San Jose
432,3848,-0.5256,Obama: Warren 'Absolutely Wrong' On Trade Deal,Mexico
433,5268,0.0,Swing-state stunner: Trump has edge in key states,Washington
434,4328,0.0,Carly Fiorina will appear in top-tier Reagan Library debate,Baltimore
435,5142,-0.4767,Trump Expected to Name Running Mate Soon: Looking for an 'Attack Dog',New York
436,837,0.0,The End of the Road for John Kasich,Iraq
437,2087,0.0,Why Negotiators At Paris Climate Talks Are Tossing The Kyoto Model,America
438,2181,0.0,"How Barack will juggle Bibi, Vlad and Hillary",Iran
439,3247,-0.34,"In Rand Paul and Marco Rubio’s feud over Cuba policy, a preview of GOP’s 2016 foreign policy debate",Kentucky
440,2844,-0.4019,Jeb Bush blames Iraq unrest on Obama,Iowa
441,3622,-0.6705,Al Qaeda rep says group directed Paris magazine attack; US issues travel warning,New Hampshire
442,3551,0.0258,What 'Draw Muhammad' shootings say about Islamic State reach (+video),Egypt
443,3736,0.0,"In Baltimore's call for federal police probe, a new search for answers (+video)",Iran
444,4306,0.0,The Iowa caucuses are closer than you think,Vienna
445,3974,-0.6705,Entering U.S. as refugees would be hard for terrorists,Iran
446,3202,0.0,Here's why moderate Republicans aren't running for Congress anymore,U.S.
447,3466,0.5574,"Supreme Court to consider redefining 'one-person, one-vote' principle",Kentucky
448,1364,0.5859,Iowa nightmare revisited: Was correct winner called on caucus night?,NC
449,1019,-0.5023,"In a revealing interview, Trump predicts a ‘massive recession’ but intends to eliminate the national debt in 8 years",N.J.
450,2089,0.0,Climate change: What you can do (Opinion),South Carolina
451,2189,0.0,Obama: Gov. Scott Walker needs to ‘bone up’ on foreign policy,Nevada
452,2258,-0.34,Watch: Obama criticizes Kenya's president on gay rights as they stand right by each other,Brussels
453,524,0.6808,Obama’s plan to boost defense budget points to brewing national security debate,Iran
454,5147,0.0,What Trump and Clinton are looking for in a VP,Iran
455,1783,-0.6269,The GOP’s nuclear option for Donald Trump: Why the only way to beat him is so scary,Utah
456,171,-0.4767,Checking a claim that 'nobody did anything wrong' on Benghazi,Kobani
457,736,0.5267,Who's winning Indiana? It's anybody's guess,Paris
458,4283,0.4588,"Palin’s endorsement the latest prize as Trump, Cruz battle for conservatives",San Bernardino
459,3691,0.0,Unravelling Chattanooga: What do we know about shooter?,Washington
460,2627,-0.296,'There appear to be no rules anymore',Iran
461,2237,-0.0258,"University of Missouri, please immediately fire employees who taunted media",South Carolina
462,1064,0.0,How Trump vs. Clinton could reshape the electoral map,Britain
463,849,0.0,Trump ups the ante in Indiana,America
464,1802,-0.6705,"Plutocrats love Jeb, but voters don’t: Bush’s “electability” argument is getting even weaker",Wyoming
465,1875,0.0,"Chris Christie: If I Run, I Will Beat Hillary Clinton",Indiana
466,62,-0.1779,"Christie Hides $800,000 in Travel Bills",Saudi Arabia’s
467,3957,0.0,Russia deploys missiles in Syria after Turkey shoots down bomber,the United States
468,4268,0.0,Marco Rubio self-destructs in New Hampshire,Iowa
469,3215,0.0,The GOP Is Dying Off. Literally.,America
470,1753,0.0,Carly Fiorina swipes at Trump: ‘Look at this face.’,Kansas
471,4906,0.0,Where Donald Trump and Hillary Clinton stand on economic issues,Iran
472,1235,-0.296,Can Anyone Beat Trump in the Primary? History Says No,Mosul
473,4360,-0.5719,"Morning Plum: Get ready for another ideological death struggle, this time over climate",N.H.
474,4076,-0.8957,"Terror attack over, 147 dead at Kenya university",New York
475,347,-0.7579,Robert Durst of HBO's 'The Jinx' charged with murder,US
476,2921,-0.7579,Why the Iraq offensive will fail,U.S.
477,3002,-0.2732,Hope and hype of Hiroshima can’t conceal Obama’s dismal record on nuclear disarmament,Paris
478,3067,-0.34,Congress Undermines U.S. Global Economic Standing,Rubio
479,2912,0.0,Iran nuclear talks: What if the deal falls through?,Baltimore
480,5088,0.5267,Democratic convention: passionate end to day one steadies early drama,Nevada
481,602,0.4939,The GOP's big-money plan to save the Senate,Iowa
482,3173,0.0,Cruz blasts Trump as phony conservative in front of CPAC crowd,Orlando
483,4689,-0.1779,Taking Trump voters’ concerns seriously means listening to what they’re actually saying,Iran
484,4327,-0.7351,Donald Trump’s campaign of terror: How a billionaire channeled his authoritarian rage — and soared to the top of the polls,Texas
485,2084,-0.3182,“There is such a thing as being too late”: Obama issues a desperate call for a global climate deal,Baltimore
486,1155,-0.296,Missing on GOP debate stage: A future president (Opinion),San Francisco’s
487,486,0.0,Senators Seek ‘Living Wage’ for Capitol Hill Contractors,Nevada
488,2735,-0.6705,Brian Williams Under Fire Over His Shifting Story Of Iraq Helicopter Attack,Turkey
489,3809,0.0,Obama administration announces halt on new coal leases,Armenia
490,2386,-0.891,"ObamaCare has cancer. And if it’s not treated quickly and aggressively, it will die",New York City
491,4370,-0.6808,President Obama's persistent and puzzling passivity on terrorism,Iowa
492,2018,0.0,Jeb's invisible man strategy,Charleston
493,3641,-0.6705,"Charlie Hebdo attack: Suspects' names, photos released",America
494,1556,0.0,Why the Ted Cruz-Marco Rubio debate mattered most (+video),North Dakota
495,322,0.3818,"David Sweat shot, captured alive after New York manhunt",Iowa
496,2797,-0.5994,"Obama opens up on Iran: What he's learned about war, Republicans, and his foreign policy",U.S.
497,1224,-0.4404,Why Bernie Sanders's campaign makes me worry about how he’ll manage the White House,U.S.
498,2775,-0.5859,"After vowing to end two wars, Obama may leave three behind",US
499,144,-0.0258,Barack Obama Marks 50th Anniversary Of 'Bloody Sunday' With Powerful Speech In Selma,Syria
500,750,0.0,"Ryan meets Trump, says ‘very encouraged’ but unity will take time",Russia
501,72,0.0,Eleven States Sue Obama Admin. over Transgender Directive,Nevada
502,3946,0.0905,"US sailors freed by Iranians. No US apology issued, says Joe Biden",New York
503,1006,0.5994,Could This Be the Real 'Super Tuesday'? A Look at What's at Stake,Oregon
504,3506,-0.7579,"Thanks to Obama, the terrorist cancer is growing",Ky.
505,639,0.0,Trump doesn’t have a national campaign. So the GOP is trying to run one for him.,Russia
506,4207,0.4005,Some GOP elites aren’t quite convinced by Trump charm offensive,Syria
507,382,-0.3818,Canada Just Threw A Grenade Into Elizabeth Warren's Trade Fight With Obama,US
508,1471,0.0,GOP Debate Round 3: Expect Another Wild Night,Kabul
509,4842,0.5574,His campaign’s statement that Trump accepts the truth of Obama’s birthplace is filled with falsehoods,Las Vegas
510,2877,0.0,"White House, Dems seek to water down Iran bill",Ramadi
511,2241,-0.34,Reporter says Clinton camp denying him access to events,US
512,2186,-0.3818,Congress's fight over Iran deal enters new phase,America
513,4759,0.6124,Why LeBron James’s Endorsement Could Help Clinton Retake Ohio,US
514,402,-0.7003,White House warns Congress: Fight Zika or live to regret it,San Bernardino
515,2421,-0.6597,Cuba has a possible lung cancer vaccine that America can now test,US
516,1791,0.0,White House counsel reportedly kept in dark on Clinton’s personal email use,Dangerous
517,2863,0.0,Iran talks to be extended another day,New Hampshire
518,1983,-0.296,Election 2016: Clinton email stumble fuels Dem critics,Obama
519,4429,-0.4404,"Kurdish forces, backed by U.S. airstrikes, launch offensive in Iraq",Syria
520,1020,0.3818,"As Always, U.S. Adores a Good Sex Scandal",Iran
521,4030,-0.34,Migrants Refuse To Leave Train At Refugee Camp In Hungary,Iran
522,1760,-0.3818,Biden previews battle against Clinton,Nepal
523,3777,-0.2732,"Mike Brown Family Suing Ferguson, Wilson",Washington
524,1742,0.765,Sanders’ challenge: Winning over Obama supporters,D.C.
525,244,-0.1139,GOP lands no solid punches while sparring with Clinton over Benghazi,America
526,2806,0.6858,"A nuclear deal has been reached, but Iran must free Jason Rezaian",Bronx
527,1734,0.0,"South Carolina, Nevada polls find Clinton far ahead",Russia
528,4629,-0.4019,Will Hillary Clinton lose the election because of the FBI email investigation?,Syria
529,1190,0.0,Stossel: Why Marco Rubio and Hillary Clinton are 2016's likely nominees,US
530,5176,0.0,Donald Trump Campaign Manager Is Out,Ireland
531,1039,0.0,"We must smash the Clinton machine: Democratic elites and the media sold out to Hillary this time, but change is coming",Connecticut
532,4786,0.0,5 takeaways from the first presidential debate,Indiana
533,3859,0.25,"@POTUS joins Twitter, jokes with @BillClinton",New York
534,4459,0.0,Obama on 'The Daily Show:' What happened to common conversation? (+video),Iran
535,3727,0.3089,It’s not about mental illness: The big lie that always follows mass shootings by white males,Oregon
536,1630,-0.5859,GOP Candidates Say Paris Attacks Highlight U.S. Leadership Failure,America
537,3750,-0.4215,Report: Freddie Gray sustained injury in police van,Turkey
538,3829,0.6428,"Sure, We Want An Honest And Trustworthy President, But It's Complicated",Syria
539,3127,0.0,The Pope vs. America,Iraq
540,1902,0.0,Bernie Sanders to announce 2016 intentions on Thursday,Russia
541,908,-0.5994,The problem with Cruz and Kasich aligning to stop Donald Trump,New Hampshire
542,68,-0.6908,The Overwhelming Stress of Being Denied a Bathroom,Rubio
543,1280,-0.3182,Clinton Gets Back In The Game After Blowout Loss To Sanders In N.H.,Miami
544,3303,0.0,The Senate's 46 Democrats got 20 million more votes than its 54 Republicans,Paris
545,3788,-0.6369,Hung jury in Jodi Arias sentencing phase removes possibility of death sentence,Iowa
546,1980,0.5994,Chris Christie Bolsters Political Team as Allies Launch Super PAC,West Virginia
547,2291,-0.4939,The Fear of Being Gay in Russia,America
548,2995,0.0,Federal court: NSA phone record collection is excessive,Paris
549,2162,-0.7351,Hillary Clinton speech to attack Donald Trump's 'dangerous' foreign policy plans,U.S.
550,4709,0.0,‘Take The Money!!’: Emails Show How Clinton Campaign Manages Lobbyist Donations,Havana
551,1386,0.5719,"Iowa caucus results: Ted Cruz wins, Hillary Clinton declares victory",Palestine
552,3856,0.0,"Obama Spends Earth Day In The Everglades, Taunting Republicans On Climate Change",Iraq
553,1785,-0.0572,Donald Trump doesn't challenge anti-Muslim questioner,Anbar
554,5113,-0.4215,"Trump claims GOP nomination, tells struggling Americans 'I am your voice'",US
555,2526,-0.34,Claire McCaskill Accuses Marco Rubio Of Shirking Principles On Immigration,Cuba
556,2445,0.5574,"Obamacare Is Back At The Supreme Court, And These 6 Lives Hang In The Balance",California
557,1326,0.0,4 Things The New Hampshire Primary Will Tell Us,Ukraine
558,4523,-0.3818,"32,000 emails recovered in IRS targeting probe amid allegations agency chief may have lied",Iowa
559,2434,-0.6486,Superbug cases spur FDA warning on dirty medical scopes,N.H.
560,1126,0.0,The 8th Democratic Debate In 100 Words (And 4 Videos),Iran
561,4718,-0.3818,Donald Trump threatens to jail Hillary Clinton in second presidential debate,Vietnam
562,4804,-0.128,Tics and tricks: Here's what Trump and Clinton's body language reveals,America
563,2938,-0.5994,Obama ISIS war authorization: Request sent to Congress,Chicago
564,5165,-0.4019,Donald Trump's Problems Are Much Deeper Than A Campaign Manager,Iraq
565,4542,0.0,"Obama's Presidential Library Will Be In Chicago, Foundation Announces",Al-Abadi
566,4373,-0.4767,Republicans are crossing a dangerous new line: sabotaging US foreign policy,Russia
567,1204,-0.1531,Bully Backs Blowhard for President: Now Christie Likes Trump,Syria
568,4676,0.3804,Adelson's Review-Journal Gives Trump First Major Endorsement,Syria
569,1247,-0.4767,"Jeb’s Sad, Quixotic South Carolina Slog",Israel
570,3991,-0.7184,"U.S. strike believed to have killed ‘Jihadi John,’ Islamic State executioner",Kentucky
571,4922,0.3182,"Clinton, Trump and Obama aren't telling American workers the truth. Here it is",Wisconsin
572,2527,-0.0516,Alabama Sen. Sessions Backs Trump’s Immigration Platform,Iran
573,4830,0.0,Gary Johnson’s Post-Debate Reactions,Indiana
574,957,0.0,Reince Priebus is in over his head,US
575,1079,-0.7506,Excruciating choice for GOP leaders: Take a risk on Trump?,Afghanistan
576,3529,-0.6908,Identity of ISIS terrorist known as 'Jihadi John' reportedly revealed,NY
577,3209,0.0,Jake Tapper to moderate 's first GOP debate,California
578,3124,-0.5994,"After tragic shooting, Charleston church reopens with prayer, songs and tears",Brussels
579,4016,-0.836,Acting out of weakness? Why Obama's dangerously wrong about Putin's intentions in Syria,Hiroshima
580,2946,-0.7269,"Jordanian fighter jets strike hard at ISIS, pay tribute to murdered pilot",New Hampshire
581,3869,0.0,Obama Plans to Press Ahead With Guantanamo Bay Closure,US
582,2611,0.0,Netanyahu walks back Palestinian state comment,Syria
583,3904,0.0,Angela Merkel to Visit White House on Feb. 9,Iran
584,292,-0.1531,Will Nancy Pelosi miss John Boehner? Depends.,Iran
585,2216,-0.2732,Why Obama Has His Work Cut Out For Him On Getting Trade Votes,Kathmandu
586,4686,0.34,"Trump won’t commit to accepting election results, at fiery final debate with Clinton",Iowa
587,22,0.2732,What do Americans really think about abortion? The answer may surprise you.,US
588,668,0.4404,Was California The Last Weekend At Bernie's House Of Hope?,Libya
589,2436,0.4939,Milestone House Vote Would Take Health Care Away From Millions,Miami
590,701,0.6808,"Yes, Bernie Polls Better Against Trump Than Hillary—but There’s a Catch",Texas
591,3932,-0.4019,EgyptAir crash: official dismisses claim that remains suggest blast,Iowa
592,5195,-0.2263,More anti-Trump action planned after second night of protests across US,Kasich
593,1502,-0.6369,"Trump suggests he might have prevented 9/11 attacks, extending feud with Bush",Iowa
594,987,0.7579,How far can campaigns go to win support from a Republican delegate?,New Mexico
595,4292,-0.6597,They’re already trying to steal 2016: Inside the GOP voting-rights scheme intended to derail democracy,Saudi Arabia
596,2413,0.0,"Cruz eyes insurance via Obamacare, a law he vows to scrap (+video)",Egypt
597,2092,0.0,"On climate change, ideological and partisan polarization hardens",Invade
598,469,0.0,Neither Bush nor Rubio is placing above 4th in Iowa or New Hampshire,Yemen
599,2266,-0.5719,High Court Ruling Against Gay Marriage Would Produce 'Chaos',Trump County
600,4567,0.3818,"Shift in Cuba politics boosts Obama, challenges Rubio",Iran
601,4732,0.0,"Giuliani, suggesting Trump may have ‘exaggerated’ in lewd comments, says, ‘talk and action are two different things’",Homeland
602,1929,-0.3612,Scott Walker’s economic mess: How worker wages were gutted in Wisconsin,Kenya
603,2124,-0.2023,California slashes water use for upstate farmers,America
604,2411,0.0,Bernie Sanders is unleashing a plan to make prescription drugs cheaper,Indiana
605,4407,0.0,Boehner 'baffled' by Israeli spying report,America
606,4096,0.3182,There’s a good reason protesters at the University of Missouri didn’t want the media around,Nevada
607,590,0.3612,Matt Bevin is the next governor of Kentucky. He has President Obama to thank.,U.S.
608,4174,-0.4939,"Fear of Trump sparking a surge in citizenship, voter applications",Mexico
609,3435,0.3818,John Roberts helps overthrow the Constitution,America
610,1602,0.0,Poll gives Biden edge over Clinton against GOP candidates; VP meets with Trumka,U.S.
611,3112,0.0,Pope Francis’ address to Congress: what it means for six Catholic lawmakers (+video),America
612,926,0.6369,Kasich: ‘My Republican Party doesn’t like ideas’,Ukraine
613,1777,0.0,What does Rick Perry have?,Russia
614,2009,0.0,Rubio reignites Cuba debate with Senate hearing,Ferguson
615,4803,0.0,Lester Holt: presidential debate moderator and proven fact-checker,Libya
616,3778,0.1877,Patriots Day 2015: Boston does not stand alone,America
617,4250,0.0,Mitt Romney to give big speech on 2016 race. Joining #NeverTrump? (+video),Nepal
618,3428,0.5574,Is there any way Obama can fill Supreme Court vacancy?,Texas
619,2948,0.0,"Saudi Arabia's King Abdullah was incremental reformer, US ally (+video)",Paris
620,1406,0.0,GOP insiders: It was a rough night for Ted Cruz,California
621,666,-0.7845,Donald Trump is blatantly racist — and the media is too scared to call him out on it,Arizona
622,4740,0.0,Can Donald Trump recover from this?,Ramadi
623,4818,0.0,Can Hillary rebuild her campaign with an upbeat message? And will anyone even notice?,Denmark
624,5085,-0.6369,The Democrats aren’t doomed: What I learned from Bernie delegates in Philadelphia,Calif.
625,3524,-0.6486,Enrique Marquez: I got rifles for San Bernardino killer,Ore.
626,30,0.0,Abortion bill dropped amid concerns of female GOP lawmakers,Afghanistan
627,973,0.0,Outsider campaigns seek inside track,Ukraine
628,900,0.0,Can Sanders' millennials switch to Clinton?,Kentucky
629,1102,0.4939,Bernie Sanders Has Strength Among White Men Pinched By The Economy,Baltimore
630,3454,0.2516,"Scalia, Thomas & Alito have totally lost it: The complete and utter incoherence of the conservative Supreme Court justices",Moscow
631,4430,0.0,"In rare foreign trip, Assad flies to Moscow to meet with Putin",Florida
632,5212,-0.34,Former ‘Apprentice’ contestant accuses Trump of groping her during job meeting,Iowa
633,50,0.0,"Trump's lean campaign machine relying mostly on donor cash, not his own",U.S.
634,16,-0.5719,P. Parenthood Chief Goes Toe-to-Toe with Attackers,California
635,4409,0.5267,Justice Department Launches Civil Rights Probe Of Baltimore Police,U.S.
636,4736,-0.4826,Laura Ingraham: The Trump betrayal by Republican elites won't soon be forgotten,Charleston
637,4223,0.743,"Sanders wins in Wisconsin, keeping alive his improbable bid for the nomination",Paris
638,3826,0.0,The unexpected and ingenious strategy of Obama's second term,New Hampshire
639,4247,0.0,South Carolina primary brings high stakes for Marco Rubio and Jeb Bush,Massive
640,3322,0.4939,"Slow start for program to reduce vets' waits at Veterans Affairs facilities, offer private medical care",U.S.
641,3410,0.0,Harry Reid: Obama to Name Scalia Replacement in 3 Weeks,Iran
642,5274,-0.743,"Amid campaign troubles, Trump blasts Clinton as 'world-class liar'",Germany
643,1167,-0.5859,"Mitt Romney: Donald Trump is a 'phony, a fraud'",Charleston
644,551,-0.2732,'We the People' is at risk: Why America needs civics education,Philadelphia
645,2998,0.0,NSA program reportedly helped US gather evidence against North Korea in Sony hack,Minneapolis
646,1047,0.4588,"Donald Trump triumphs in Michigan and Mississippi. Onward, reality show junkies",America
647,998,0.5719,"What happens to delegates won by Rubio, other ex-candidates?",Atlanta
648,3179,0.0,"Mired in third, Marco Rubio prepares for a long, drawn-out Republican race",California
649,702,-0.296,Donald Trump v Bernie Sanders: confusion reigns over possible debate,US
650,2483,0.0,Paul: Christie embraces Obamacare,Iran
651,3317,0.4939,Congressional auditors: VA health care is high-risk,Iran
652,1437,0.34,"Iowa’s Des Moines Register endorses Clinton, Rubio",Florida
653,2889,0.0,White House looks to scientists to sell Iran deal,Pennsylvania
654,1499,0.0,GOP debate: 's Reality Check Team inspects claims,Nevada
655,2843,-0.2263,Lawmakers Who Have Forgotten Iraq Insist They're Right About Iran,U.S.
656,159,-0.5574,Congress and its 'outsiders': The critical struggle over who is really in charge,Iran
657,899,0.1872,Sanders: Democratic Party hasn't been fair to me,Brussels
658,2012,0.4767,"Bobby Jindal, raised Hindu, uses story of Christian conversion to woo evangelicals for potential 2016 bid",US
659,4281,0.3612,Conservatives in a meltdown: National Review’s confused “Against Trump” issue is an amazing testament to the right’s implosion,Syria
660,737,-0.5719,Will Latino loathing of Trump drive a voter movement to swing the election?,Cuba
661,2680,0.0,Drudge goes all in for Trump,Giving
662,3059,-0.5106,New Study Shows Riots Make America Conservative,Charleston
663,3981,-0.6486,21 dead at Radison Blu hotel in Mali,U.S.
664,4509,-0.5719,"Anti-terrorism crackdowns may have spurred attackers, Belgian prosecutor says",Kentucky
665,4451,0.0,Editorial: Presidential stakes are high for nuclear arsenal - The Boston Globe,Kabul
666,2378,0.5475,Here's why creating single-payer health care in America is so hard,California
667,5032,0.0,Why Koch and Republican donor network won’t back Trump (+video),U.S.
668,3058,0.0,The Iran Deal and the Cost of Political Polarization | RealClearPolitics,Cuba
669,3380,0.0,Gowdy reveals subpoena Clinton claims she 'never had',New York
670,491,0.296,"Walgreens to close 200 stores, boost cost cutting",Chaos
671,4157,0.0,Teacher sickout closes most Detroit schools Monday,America
672,2650,-0.2263,Lynch's delayed confirmation vote,Cuba
673,492,0.0,Cloudy economy rains on Obama's parade,U.S.
674,2419,0.0,"High school, middle school kids now use more e-cigs than tobacco: CDC",Iran
675,1705,-0.7579,"Sanders focuses on gun violence, immigration as 13,000 attend Arizona rally",Syria
676,1296,0.4215,What happened to Carly Fiorina's presidential hopes? (+video),New Hampshire
677,912,0.0516,"Cruz dominates, Trump falls short again as more states pick delegates",U.S.
678,74,-0.128,"Racism is “America’s original sin”: Unless we tell the truth about our history, we’ll never find the way to reconciliation",Kenya
679,269,0.0,Kevin McCarthy is a total dope: This bumbling yahoo is about to be second in line to the presidency,Iraq
680,3339,0.2023,Top Clinton aide Mills reportedly walks out of FBI interview about emails,Ginsburg
681,3342,-0.7579,The quiet global crisis that scares the State Department,Arizona
682,3769,-0.2263,Camden Yards briefly closed off as Freddie Gray protests intensify in Baltimore,Tunisia
683,156,0.0,8 Things Congress Actually Did This Year,U.S.
684,4115,0.3865,Why Congress Doesn't Really Worry About What Most Americans Think,Louisiana
685,4591,-0.0516,"Trump wins presidency, defeats Clinton in historic election upset",U.S.
686,3759,-0.5719,"On The Streets Of Baltimore, Trying To Understand The Anger",Baltimore
687,3042,0.0,Where’s the partisan polarization on abortion?,Nevada
688,4554,0.0,Russia Calls Downing Of Its Plane A 'Planned Provocation',US
689,2392,0.6369,9th baby dies after heart surgery at a Florida hospital,America
690,5081,0.0,Dems open convention without Wasserman Schultz,Kasich
691,4116,-0.128,"Upcoming proposal in Congress for military action must strike Goldilocks-esq, 'just right' tone",Indiana
692,3105,0.6369,Pope brings message of brotherly love to Philadelphia,the United States
693,851,-0.1779,Voters' dilemma: What happens if it's Hillary vs. Trump?,Las Vegas
694,118,0.3182,"I'm a black ex-cop, and this is the real truth about race and policing",Iran
695,3037,0.0,This astonishing chart shows how moderate Republicans are an endangered species,Paris
696,1546,0.0,Ted Cruz tackles the Wall Street Journal,Spain
697,345,-0.3818,Cory Booker on how America's criminal justice system destroys the American dream,Takeaways
698,1797,0.2263,Trump’s audacious Southern spectacle is part of his strategy,New York
699,2911,-0.4767,Expert: ISIL 'highly likely' to launch gas attack in London,Israel
700,2133,0.0,Obama to Propose Protecting 1.4 Million Acres of Arctic Refuge,Paris
701,4425,-0.6227,Fox News has no shame: Easily duped wingnuts spout phony science and climate-change lies,San Bernardino
702,23,-0.6597,"House OKs bill blocking Planned Parenthood funds, amid shutdown worries",Oregon
703,3812,0.34,State of the Union recap: Obama sells optimism to nervous nation,Kentucky
704,5233,0.0,"Clinton, Trump at First Debate: Was It All America Expected?",Kasich
705,3284,0.6808,Harry Reid endorses Chuck Schumer to succeed him as Senate Democratic leader,Helping
706,3433,-0.0772,How Scalia's death could change Supreme Court and Election 2016,US
707,2492,0.0,What Trump Will Never Understand About Immigrants,Orlando
708,3766,-0.2263,Baltimore protests: Crowds stand firm after curfew,Orlando
709,2047,0.3182,"Santorum talks 2016, minimum wage increase",Baltimore
710,2796,0.0,I live in Iran. Here's how sanctions have shaped my life.,US
711,4562,-0.4019,Russia begins airstrikes in Syria; U.S. warns of new concerns in conflict,Iran
712,3793,-0.3612,Tens of Thousands of Police Expected for Funeral of Slain Officer,Afghanistan
713,2660,0.0,Walker’s anti-union law has labor reeling in Wisconsin,Texas
714,493,0.0,With a bullet: Oil prices headed to the basement,U.S.
715,832,-0.296,"Ted Cruz, the master strategist, was no match for Trump's cult of personality",Iran
716,534,-0.296,"Obama seeks to end sequester cuts, raise spending caps in budget plan",Iowa
717,2699,0.0258,Rieder: Why Stephanopoulos flap matters,N.H.
718,2616,-0.3182,Netanyahu Defeats Center-Left Rival In Israel's Parliamentary Election,Iowa
719,967,0.0,Political hatefest: Why the media—and the candidates—are dragging down the campaign,London
720,3030,0.0,Three reasons political polarization is here to stay,Iran
721,700,0.2263,Can Libertarian nominees Gary Johnson and Bill Weld siphon votes from Trump?,Iowa
722,3463,0.5574,"The Supreme Court Case That Could Gut Obamacare, Explained In 2 Minutes",Vietnam
723,1627,0.0,The Democratic Debate Clock: Which Issues Got The Most Time,Iran
724,4572,-0.2263,Protesters target Trump buildings in massive street rallies,Kabul
725,184,0.34,McConnell plan moves Senate closer to deal on Homeland Security funding,Paris
726,4529,0.0,Chattanooga shooting proves it's time to arm our Armed Forces,Brussels
727,3693,-0.3182,"Names of Oregon victims released, range in age from 18 to 67",Iran
728,4665,0.0,Debate fact-check: Hillary Clinton and Donald Trump's claims reviewed,Iran
729,4378,0.0,Kentucky Clerk's Office Issues Same-Sex Marriage License,New Hampshire’s
730,775,-0.128,The map is tough for any Republican. It’s completely daunting for Donald Trump.,U.S.
731,3893,-0.5267,"White House makes formal veto threat against Keystone, ACA bills",Iowa
732,3046,0.0,Why do people on the other side seem so unreasonable?,U.S.
733,4188,-0.1027,The Republican Party ruined conservatism long before Trump: Why they still don’t get it,Melania
734,718,0.7579,"Megyn Kelly Special: Trump defends tone, says bid will be ‘complete waste’ if he doesn’t win",America
735,3701,-0.6124,At least nine protesters arrested after St. Louis police shooting,Mexico
736,3680,-0.8658,Workplace Violence or Terrorism? CA Massacre Probe Unfolds,America
737,1070,0.1779,"I’m with Hillary in November: Listen up, fellow Bernie supporters — you must get behind Clinton to stop Donald Trump",Race
738,2935,-0.4215,U.S. provides options for drawdown of forces in Afghanistan amid ISIS fears,California
739,3048,0.4019,The NRA-ification of the Republican Party,Paris
740,2697,-0.0258,"University of Missouri, please immediately fire employees who taunted media",Chicago
741,4748,-0.5809,Trump &amp; Clinton Were Very Convincing...on How Lousy the Other One Is,Iran
742,597,0.25,Democrats see map and math working to their advantage in 2016 Senate races,Iran
743,828,0.4019,Hillary Clinton doesn't need to choose between a reassuring campaign and progressive policies,U.S.
744,2951,0.0,"Airstrikes Move To Syria, Target More Than Just ISIS",France
745,416,0.0772,Top US lawmakers strike deal to fast-track trade deals,Syria
746,2424,-0.1531,Future Obamacare Costs Keep Falling,Iowa
747,931,0.0018,"Yes, Bernie Sanders is not a Democrat — and Hillary represents the very worst of the party",Yemen
748,3347,-0.128,ISIS Genocide: Will US Back Up Its Tough Talk?,San Bernardino
749,4779,-0.2023,Gary Johnson can’t name a single foreign leader. Can we stop pretending he’s a real alternative now?,Russia
750,3389,0.0,"Clinton camp issues clarification on deleted emails, claims ‘every’ message was reviewed",US
751,4691,0.2755,There’s nothing suspicious about Trump’s accusers coming forward weeks before the election,Vietnam
752,4789,0.5719,Who won the debate?,China
753,101,0.0,Rachel Dolezal has a right to be black (Opinion),America
754,5238,0.0,Who will Hillary Clinton’s ‘basket of deplorables’ comment actually alienate?,S.C.
755,3994,-0.3662,U.S. officials: No known threat in wake of Paris attack,New York
756,981,-0.6486,The Daily 202: Ted Cruz’s war with Matt Drudge could become a huge problem for his campaign,Iran
757,1328,0.0,Why A Vote For An Establishment Candidate Could Be A Vote For Trump In N.H.,Texas
758,3523,0.0,"U.S. is hitting Islamic State 'harder than ever,' Obama says",D.C.
759,2062,-0.5994,Inside the war on coal,Nigeria
760,3115,0.4404,Pope Francis delivers message of 'hope and healing' in address to Congress,Seattle
761,141,-0.8519,Stop poisoning the race debate: How “respectability politics” rears its ugly head — again,Brussels
762,5171,-0.4215,The Trump Recession: He’s linked himself to potential economic calamity with Brexit stance,Orlando
763,3575,-0.4767,Al Shabaab calls for attack on Mall of America in new video,New Hampshire
764,3189,-0.296,The Wild Ideas You Missed While Donald Trump Was Talking,Vegas
765,2949,0.0,Saudi Arabia says farewell to King Abdullah,Long Hours
766,2260,0.5574,Supreme Court rules gay couples nationwide have a right to marry,Russia
767,1636,0.5719,"Insiders: Rubio wins, Kasich bombs",Syria
768,2060,0.4927,The 6 most important parts of Donald Trump's energy policy,Texas
769,3415,0.2023,Scalia lies in repose at Supreme Court,Iraq
770,4692,0.0,For the Record's week in review: Trump's list of accusers grows,Cleveland
771,5235,0.0,What history tells us about the health of presidents and candidates,Ukraine
772,4837,0.7227,"Sorry, America, but Trump Can Actually Win",Washington
773,690,0.0,Trump University 'playbooks' offer glimpse of ruthless business practices,America
774,397,0.0,Syria casts shadows on 2016 Dems,Alaska
775,1012,0.0,Wisconsin primary: 5 things to watch,Super
776,1133,0.0,Trump is closer to what most Republicans believe than the ‘establishment’ candidates are,Iran
777,5064,-0.3818,Clinton takes the fight to Trump,Belgium
778,929,0.0,An open letter to Donald Trump from Ari Fleischer: Five things you need to do now,Ky.
779,5170,0.0,The math is with Hillary: She’s surging in the polls — and many Republicans are in denial,Texas
780,3918,0.0,The Week That Hillary Clinton 2016 Speculation Moved From Trickle To Stream,Berlin
781,305,0.0,Boehner's big week,Iowa
782,728,0.0,Bernie's not-so-secret-weapon,Tampa
783,3508,0.1027,Belgian police mount raids; prosecutors acknowledge missed opportunities,Iowa
784,3315,0.3612,VA secretary apologizes for misstating military service to homeless veteran,Philippines
785,4959,0.0,Trump campaign shake-up,Alabama
786,5123,0.0,"Republican convention speakers: Ivanka, Newt",Maryland
787,216,0.0772,Congress clears $1.8 trillion tax and spending bills,Washington
788,1644,0.0,5 things to watch in tonight’s debate,the United States'
789,3156,0.0541,Romney tears into GOP for not criticizing Trump,US
790,4416,0.0,How presidents manipulate the media and the public,New Hampshire
791,2953,-0.3818,The White House insists it has a plan to fight Islamic State and that it’s working,Russia
792,2994,0.0,John McCain: NSA Phone Surveillance Program Is Necessary,US
793,3626,-0.9136,Charlie Hebdo attack: Three terrorists killed in raids,New Hampshire
794,46,0.0772,Campaign finance laws may be making political polarization worse by encouraging ‘purist’ donors.,Paris
795,4322,0.0,Sources: Hillary Clinton to launch presidential campaign on Sunday,Nevada
796,351,0.128,"Defense Bill Would Put 100,000 Untraceable Guns On Streets",Iowa
797,4582,0.032,"Protesting Donald Trump’s Election, Not Wars, Surveillance, or Deportations",Russia
798,4999,0.0,Trump on Clinton: 'She took a short-circuit in the brain',Syria
799,4767,-0.4019,"AP: Pence 'Beside Himself,' Wife Enraged Over Trump Remarks",Iowa
800,1453,0.3612,Is GOP establishment learning to like Donald Trump? (+video),Colorado Springs
801,2883,-0.2263,John Kerry Says It's Unclear Whether Iran Deal Is Within Reach,Texas
802,2785,-0.5994,Syria's war: How did we get here?,Egypt
803,698,0.4939,Shady accounting underpins Trump’s wealth,Libya
804,240,0.0,What's really behind Clinton's Benghazi grilling?,Paris
805,3947,-0.5719,South Korean naval vessel fires warning shots near North Korean patrol amid high tension,India
806,4337,0.0,OnPolitics | 's politics blog,America
807,735,0.0,New Poll Finds Donald Trump Almost Caught Up with Hillary Clinton,America
808,3325,0.0,Clinton emails on trade deal held until after election - Video,Kasich
809,277,0.0,How Republicans will choose the next speaker,Russia
810,3019,-0.4939,"Obama: For All The Things Republicans Blame Me For, Getting Blamed For Rise Of Donald Trump Is ""Novel""",Alabama
811,3341,-0.3612,The real reason the State Dept is Twitter fighting with the NY Times about Iran,Washington
812,971,0.1531,Cruz's Methodical Delegate Strategy Narrows Trump's Path To GOP Nomination,Orlando
813,3860,0.0,Obama To Limit Police Acquisition Of Some Military-Style Equipment,Yemen
814,2725,-0.4019,"Cable news is in trouble, and it’s more about the news than the cable",Iran
815,224,0.0,Ryan flexes muscles in Ways and Means showdown,US
816,2583,0.0,Immigration Bill Slow to Stir Foes' Passion,Iowa
817,2126,0.0,Obama vetoes Keystone XL pipeline bill,Wisconsin
818,2784,0.0,Iraq says it bombed Islamic State leader's convoy,U.S.
819,604,0.0,Koch Groups To Spend Nearly $1 Billion On 2016,Russia
820,2351,0.4215,"If Guns Make Us Safer, Why Not Let Them Into the U.S. Capitol?",Iran
821,3089,0.0,5 facts about consistent conservatives,Iowa
822,2081,0.5719,Would Earth Day’s creator have celebrated this Earth Day?,Iowa
823,4571,-0.34,"Behind anti-Trump protests, worries that America's promise has dimmed (+video)",US
824,576,0.0,The College Loan Bombshell Hidden in the Budget,America
825,5006,0.0,Trump Vows to Never Change: 'I Am Who I Am',Iowa
826,4913,0.0,"Trump Campaign Bombs in Virginia, Again",Groping
827,654,0.3612,This Is What Making History Looks Like,Russia
828,3218,-0.765,The full Ackbar: Right warns Obama war plan is a trap,France
829,3673,-0.2023,Attacks on abortion providers have increased since the Planned Parenthood videos,Syria
830,2932,-0.296,Battle against Islamic State expands as Egypt bombs Libyan affiliate,America
831,1831,-0.4939,Fiorina rejects idea of 'affirmative action' in CNN debate change,Nevada
832,4408,-0.2023,Israel votes: Netanyahu's last-ditch vow to his base – a dead peace process (+video),Texas
833,3927,0.2263,"Clinton, Dems embrace Arquette's equal pay comment",VA
834,4625,0.3818,White House Defends FBI Director Comey’s Integrity,Nevada
835,4650,-0.0516,TRUMP CALLED IT MONTHS AGO: Anthony Weiner threatens national security,Las Vegas
836,4565,0.0,US military commander: Russian military ‘far more capable’ than Soviet Union’s,Yemen
837,1901,0.2235,Don't underestimate Bernie Sanders,Libya
838,3634,-0.4767,The Latest On Paris Attack: Manhunt Continues; Brothers Were On No-Fly List,Orlando
839,2356,-0.8807,Clinton calls for 'common-sense' gun control after Charleston terrorist attack,Cummings
840,2270,0.5859,Ireland's historic vote for marriage equality prompts amazing Twitter celebration,Iowa
841,5208,0.0,James O’Keefe releases another Project Veritas video claiming Hillary Clinton campaign is “bird dogging”,N.H.
842,94,-0.2263,Unrelenting Ferguson protests pushed year of national change,America
843,4909,-0.3612,Bill Clinton suggests Trump slogan racist – but he used the same one,"Washington, DC"
844,2518,-0.8126,Court rejects Obama immigration plan. Executive abuse of power?,Iowa
845,1042,0.0,The big question about Hillary Clinton: What if the FBI is onto her?,US
846,772,0.233,John Boehner thanks God Cruz didn't win,Alaska
847,4220,0.0,Why Trump's foreign policy resonates with Americans – to a point,Hawaii
848,5214,0.8176,Memo To Trump And Clinton: Use Tough Love To Win The Millennials,Washington
849,783,0.296,How well-meaning political reformers are helping to elect President Trump,Flint
850,45,0.0,Hillary Clinton shatters $100M fundraising goal,Michigan
851,4286,0.4019,The detente between Trump and Cruz is definitely over,California
852,1776,-0.6249,Inside the Trump-Bush melodrama: Decades of tension and discomfort,Hawaii
853,3240,0.4404,Rand Paul Supporters Walk Out Of Jeb Bush Speech,Melania
854,779,-0.3182,Ryan on meeting with Trump: 'It’s important we don’t fake unifying',Iran
855,189,-0.4939,Republicans' fear: 2 more years of gridlock,Iran
856,4923,-0.1027,The Worst Case for Republicans: Trump Wins,Super
857,2122,0.0,How America is quietly becoming a climate change leader,New Hampshire
858,4401,0.0,Immigration Standoff May End With Another Congressional Punt,Iowa
859,5210,-0.5106,Donald Trump is failing at basically everything right now. This poll proves it.,West Baltimore
860,705,0.0,"Pro-Trump, anti-Trump groups clash in San Diego",US
861,365,-0.34,"Liberal pundits blame Debbie Wasserman Schultz, not Bernie Sanders, for Democrats’ division",Iran
862,1640,0.4019,Sanders draws early support for White House bid from long-time union allies,Cuba
863,4958,-0.34,Why Trump’s warning of ‘rigged election’ isn’t credible,Orlando
864,3567,-0.6908,Jihadi John: The bourgeois terrorist,New Hampshire
865,1463,-0.296,Don’t underestimate the power of Trump’s rage-fueled rise,US
866,394,0.0,DNC Chair won't run for Senate in 2016,Nevada
867,1245,-0.4728,Donald Trump wasn’t so anti-Iraq war after all. Quelle surprise.,Israel
868,5109,0.5799,The Daily 202: Why Trump sounded more like a strongman than a movement conservative,Canada
869,906,-0.5859,Delegates face death threats from Trump supporters,Ohio
870,5098,0.25,Hillary Clinton poised to reveal VP pick,Mali
871,4995,-0.3612,"As His Campaign Crumbles, Trump Is Spending His Day Fighting With MSNBC's Joe Scarborough",Colorado
872,4871,0.5859,How Hillary Clinton could win,Florida
873,3961,0.0,"Turkey, Russia Headed for a Military Face-Off?",California
874,368,0.0,Democrats weigh how to nudge Sanders out,Iran
875,5125,0.0,Trump's VP search enters frenzied phase,Iran
876,4855,-0.0516,Clinton Says She Was Wrong to Call Half of Trump Supporters ‘Deplorables’,Paris
877,4176,-0.5719,"In campaign chaos, Donald Trump shows his management style",UK
878,433,-0.4404,A harsh blow to small businesses: Opposing view,Mali
879,1301,0.34,Sarah Palin endorses Donald Trump's presidential bid,DC
880,1464,0.0,‘He’s Cuban. I’m Mexican.’: Can Rubio and Cruz connect with Latino voters?,VA
881,985,-0.4404,Cruz Crushes Trump in Wyoming Republican Caucus,Iran
882,4966,-0.0762,"William Weld: Never Mind Libertarianism, He's Running as Himself",America
883,4170,0.5859,"Clinton makes history, declares win in Democratic race",U.S.
884,858,-0.2023,Cruz confronts pro-Trump protesters in Indiana: ‘He’s taking advantage of you’,Kasich
885,413,0.3182,U.S. officials optimistic they will close giant trade deal,Iowa
886,5206,-0.743,Hillary Clinton Attacks Donald Trump for Threatening to Sue Accusers,US
887,2632,0.0,"Cleveland police are out of control, say the feds. Now they're making a deal to change.",Iran
888,1707,0.0,"Donald Trump stands by Jeb Bush, George W. Bush 9/11 comments",Wisconsin
889,5084,-0.2732,"Obama passes baton to Clinton, stirs up '3rd term' charges",Iran
890,507,0.1531,Housing In 2015: Four Reasons For Optimism (And One For Worry),US
891,2746,-0.0516,"White House, NYT leave Bushes out of lead photos from Selma march",Garland
892,3136,0.1531,Emotional Service Held At Charleston Church Days After Shootings,Texas
893,3100,0.5859,5 amazing ways Pope Francis made Republicans squirm yesterday,New Hampshire
894,4462,0.0,Charlie Hebdo: The French magazine's long history of polarization (+video),Ethiopia
895,1847,0.0,Martin O’Malley is running for president — and on Elizabeth Warren's platform,East Africa
